Column A (key),Column B (value)
countdown_date,2026-06-02T22:01:00Z
stream_url,https://youtube.com/live/_GISPf7WDnk?feature=share
,
,
,
recent_stream_name,ELC Grandparents Day 2025
recent_stream_description,ELC Grandparents Day 2025
recent_stream_url,https://youtube.com/live/ihx-FrqKKVQ?feature=share
,
recent_stream_name,Junior Grandparents Day 2025
recent_stream_description,Junior Grandparents Day 2025
recent_stream_url,https://youtube.com/live/JN7NGhb0wF8
,
,
recent_stream_name,Senior Grandparents Day 2025
recent_stream_description,Senior Grandparents Day 2025
recent_stream_url,https://youtube.com/live/Srdg7i8fPPw
,
recent_stream_name,
recent_stream_description,
recent_stream_url,
,
,
,
recent_stream_name,
recent_stream_description,
recent_stream_url,
,
,
recent_stream_name,
recent_stream_description,
recent_stream_url,